Date	Away	Home	Matchup	Time	Stadium	Week
9/6/18	 Atlanta Falcons 	 Philadelphia Eagles	 Atlanta Falcons @  Philadelphia Eagles	8:20 PM	"Lincoln Financial Field, Philadelphia"	1
9/9/18	 Buffalo Bills 	 Baltimore Ravens	 Buffalo Bills @  Baltimore Ravens	1:00 PM	"M&T Bank Stadium, Baltimore"	1
9/9/18	 Cincinnati Bengals 	 Indianapolis Colts	 Cincinnati Bengals @  Indianapolis Colts	1:00 PM	"Lucas Oil Stadium, Indianapolis"	1
9/9/18	 Houston Texans 	 New England Patriots	 Houston Texans @  New England Patriots	1:00 PM	"Gillette Stadium, Foxboro"	1
9/9/18	 Jacksonville Jaguars 	 New York Giants	 Jacksonville Jaguars @  New York Giants	1:00 PM	"MetLife Stadium, East Rutherford"	1
9/9/18	 Pittsburgh Steelers 	 Cleveland Browns	 Pittsburgh Steelers @  Cleveland Browns	1:00 PM	"FirstEnergy Stadium, Cleveland"	1
9/9/18	 San Francisco 49ers 	 Minnesota Vikings	 San Francisco 49ers @  Minnesota Vikings	1:00 PM	"U.S. Bank Stadium, Minneapolis"	1
9/9/18	 Tampa Bay Buccaneers 	 New Orleans Saints	 Tampa Bay Buccaneers @  New Orleans Saints	1:00 PM	"Mercedes-Benz Superdome, New Orleans"	1
9/9/18	 Tennessee Titans 	 Miami Dolphins	 Tennessee Titans @  Miami Dolphins	1:00 PM	"Hard Rock Stadium, Miami Gardens"	1
9/9/18	 Kansas City Chiefs 	 Los Angeles Chargers	 Kansas City Chiefs @  Los Angeles Chargers	4:05 PM	"StubHub Center, Carson"	1
9/9/18	 Dallas Cowboys 	 Carolina Panthers	 Dallas Cowboys @  Carolina Panthers	4:25 PM	"Bank of America Stadium, Charlotte"	1
9/9/18	 Seattle Seahawks 	 Denver Broncos	 Seattle Seahawks @  Denver Broncos	4:25 PM	"Sports Authority Field at Mile High, Denver"	1
9/9/18	 Washington Redskins 	 Arizona Cardinals	 Washington Redskins @  Arizona Cardinals	4:25 PM	"U of Phoenix Stadium, Glendale"	1
9/9/18	 Chicago Bears 	 Green Bay Packers	 Chicago Bears @  Green Bay Packers	8:20 PM	"Lambeau Field, Green Bay"	1
9/10/18	 New York Jets 	 Detroit Lions	 New York Jets @  Detroit Lions	7:10 PM	"Ford Field, Detroit"	1
9/10/18	 Los Angeles Rams 	 Oakland Raiders	 Los Angeles Rams @  Oakland Raiders	10:20 PM	"Oakland Coliseum, Oakland"	1
9/13/18	 Baltimore Ravens 	 Cincinnati Bengals	 Baltimore Ravens @  Cincinnati Bengals	8:20 PM	"Paul Brown Stadium, Cincinnati"	2
9/16/18	 Carolina Panthers 	 Atlanta Falcons	 Carolina Panthers @  Atlanta Falcons	1:00 PM	"Mercedes-Benz Stadium, Atlanta"	2
9/16/18	 Cleveland Browns 	 New Orleans Saints	 Cleveland Browns @  New Orleans Saints	1:00 PM	"Mercedes-Benz Superdome, New Orleans"	2
9/16/18	 Houston Texans 	 Tennessee Titans	 Houston Texans @  Tennessee Titans	1:00 PM	"Nissan Stadium, Nashville"	2
9/16/18	 Indianapolis Colts 	 Washington Redskins	 Indianapolis Colts @  Washington Redskins	1:00 PM	"FedEx Field, Landover"	2
9/16/18	 Kansas City Chiefs 	 Pittsburgh Steelers	 Kansas City Chiefs @  Pittsburgh Steelers	1:00 PM	"Heinz Field, Pittsburgh"	2
9/16/18	 Los Angeles Chargers 	 Buffalo Bills	 Los Angeles Chargers @  Buffalo Bills	1:00 PM	"New Era Field, Buffalo"	2
9/16/18	 Miami Dolphins 	 New York Jets	 Miami Dolphins @  New York Jets	1:00 PM	"MetLife Stadium, East Rutherford"	2
9/16/18	 Minnesota Vikings 	 Green Bay Packers	 Minnesota Vikings @  Green Bay Packers	1:00 PM	"Lambeau Field, Green Bay"	2
9/16/18	 Philadelphia Eagles 	 Tampa Bay Buccaneers	 Philadelphia Eagles @  Tampa Bay Buccaneers	1:00 PM	"Raymond James Stadium, Tampa"	2
9/16/18	 Arizona Cardinals 	 Los Angeles Rams	 Arizona Cardinals @  Los Angeles Rams	4:05 PM	"Los Angeles Memorial Coliseum, Los Angeles"	2
9/16/18	 Detroit Lions 	 San Francisco 49ers	 Detroit Lions @  San Francisco 49ers	4:05 PM	"Levi's Stadium, Santa Clara"	2
9/16/18	 New England Patriots 	 Jacksonville Jaguars	 New England Patriots @  Jacksonville Jaguars	4:25 PM	"TIAA Bank Field, Jacksonville"	2
9/16/18	 Oakland Raiders 	 Denver Broncos	 Oakland Raiders @  Denver Broncos	4:25 PM	"Sports Authority Field at Mile High, Denver"	2
9/16/18	 New York Giants 	 Dallas Cowboys	 New York Giants @  Dallas Cowboys	8:20 PM	"AT&T Stadium, Arlington"	2
9/17/18	 Seattle Seahawks 	 Chicago Bears	 Seattle Seahawks @  Chicago Bears	8:15 PM	"Soldier Field, Chicago"	2
9/20/18	 New York Jets 	 Cleveland Browns	 New York Jets @  Cleveland Browns	8:20 PM	"FirstEnergy Stadium, Cleveland"	3
9/23/18	 Buffalo Bills 	 Minnesota Vikings	 Buffalo Bills @  Minnesota Vikings	1:00 PM	"U.S. Bank Stadium, Minneapolis"	3
9/23/18	 Cincinnati Bengals 	 Carolina Panthers	 Cincinnati Bengals @  Carolina Panthers	1:00 PM	"Bank of America Stadium, Charlotte"	3
9/23/18	 Denver Broncos 	 Baltimore Ravens	 Denver Broncos @  Baltimore Ravens	1:00 PM	"M&T Bank Stadium, Baltimore"	3
9/23/18	 Green Bay Packers 	 Washington Redskins	 Green Bay Packers @  Washington Redskins	1:00 PM	"FedEx Field, Landover"	3
9/23/18	 Indianapolis Colts 	 Philadelphia Eagles	 Indianapolis Colts @  Philadelphia Eagles	1:00 PM	"Lincoln Financial Field, Philadelphia"	3
9/23/18	 New Orleans Saints 	 Atlanta Falcons	 New Orleans Saints @  Atlanta Falcons	1:00 PM	"Mercedes-Benz Stadium, Atlanta"	3
9/23/18	 New York Giants 	 Houston Texans	 New York Giants @  Houston Texans	1:00 PM	"NRG Stadium, Houston"	3
9/23/18	 Oakland Raiders 	 Miami Dolphins	 Oakland Raiders @  Miami Dolphins	1:00 PM	"Hard Rock Stadium, Miami Gardens"	3
9/23/18	 San Francisco 49ers 	 Kansas City Chiefs	 San Francisco 49ers @  Kansas City Chiefs	1:00 PM	"Arrowhead Stadium, Kansas City"	3
9/23/18	 Tennessee Titans 	 Jacksonville Jaguars	 Tennessee Titans @  Jacksonville Jaguars	1:00 PM	"TIAA Bank Field, Jacksonville"	3
9/23/18	 Los Angeles Chargers 	 Los Angeles Rams	 Los Angeles Chargers @  Los Angeles Rams	4:05 PM	"Los Angeles Memorial Coliseum, Los Angeles"	3
9/23/18	 Chicago Bears 	 Arizona Cardinals	 Chicago Bears @  Arizona Cardinals	4:25 PM	"U of Phoenix Stadium, Glendale"	3
9/23/18	 Dallas Cowboys 	 Seattle Seahawks	 Dallas Cowboys @  Seattle Seahawks	4:25 PM	"CenturyLink Field, Seattle"	3
9/23/18	 New England Patriots 	 Detroit Lions	 New England Patriots @  Detroit Lions	8:20 PM	"Ford Field, Detroit"	3
9/24/18	 Pittsburgh Steelers 	 Tampa Bay Buccaneers	 Pittsburgh Steelers @  Tampa Bay Buccaneers	8:15 PM	"Raymond James Stadium, Tampa"	3
9/27/18	 Minnesota Vikings 	 Los Angeles Rams	 Minnesota Vikings @  Los Angeles Rams	8:20 PM	"Los Angeles Memorial Coliseum, Los Angeles"	4
9/30/18	 Buffalo Bills 	 Green Bay Packers	 Buffalo Bills @  Green Bay Packers	1:00 PM	"Lambeau Field, Green Bay"	4
9/30/18	 Cincinnati Bengals 	 Atlanta Falcons	 Cincinnati Bengals @  Atlanta Falcons	1:00 PM	"Mercedes-Benz Stadium, Atlanta"	4
9/30/18	 Detroit Lions 	 Dallas Cowboys	 Detroit Lions @  Dallas Cowboys	1:00 PM	"AT&T Stadium, Arlington"	4
9/30/18	 Houston Texans 	 Indianapolis Colts	 Houston Texans @  Indianapolis Colts	1:00 PM	"Lucas Oil Stadium, Indianapolis"	4
9/30/18	 Miami Dolphins 	 New England Patriots	 Miami Dolphins @  New England Patriots	1:00 PM	"Gillette Stadium, Foxboro"	4
9/30/18	 New York Jets 	 Jacksonville Jaguars	 New York Jets @  Jacksonville Jaguars	1:00 PM	"TIAA Bank Field, Jacksonville"	4
9/30/18	 Philadelphia Eagles 	 Tennessee Titans	 Philadelphia Eagles @  Tennessee Titans	1:00 PM	"Nissan Stadium, Nashville"	4
9/30/18	 Tampa Bay Buccaneers 	 Chicago Bears	 Tampa Bay Buccaneers @  Chicago Bears	1:00 PM	"Soldier Field, Chicago"	4
9/30/18	 Cleveland Browns 	 Oakland Raiders	 Cleveland Browns @  Oakland Raiders	4:05 PM	"Oakland Coliseum, Oakland"	4
9/30/18	 Seattle Seahawks 	 Arizona Cardinals	 Seattle Seahawks @  Arizona Cardinals	4:05 PM	"U of Phoenix Stadium, Glendale"	4
9/30/18	 New Orleans Saints 	 New York Giants	 New Orleans Saints @  New York Giants	4:25 PM	"MetLife Stadium, East Rutherford"	4
9/30/18	 San Francisco 49ers 	 Los Angeles Chargers	 San Francisco 49ers @  Los Angeles Chargers	4:25 PM	"StubHub Center, Carson"	4
9/30/18	 Baltimore Ravens 	 Pittsburgh Steelers	 Baltimore Ravens @  Pittsburgh Steelers	8:20 PM	"Heinz Field, Pittsburgh"	4
10/1/19	 Kansas City Chiefs 	 Denver Broncos	 Kansas City Chiefs @  Denver Broncos	8:15 PM	"Sports Authority Field at Mile High, Denver"	4
10/4/18	 Indianapolis Colts 	 New England Patriots	 Indianapolis Colts @  New England Patriots	8:20 PM	"Gillette Stadium, Foxboro"	5
10/7/18	 Atlanta Falcons 	 Pittsburgh Steelers	 Atlanta Falcons @  Pittsburgh Steelers	1:00 PM	"Heinz Field, Pittsburgh"	5
10/7/18	 Baltimore Ravens 	 Cleveland Browns	 Baltimore Ravens @  Cleveland Browns	1:00 PM	"FirstEnergy Stadium, Cleveland"	5
10/7/18	 Denver Broncos 	 New York Jets	 Denver Broncos @  New York Jets	1:00 PM	"MetLife Stadium, East Rutherford"	5
10/7/18	 Green Bay Packers 	 Detroit Lions	 Green Bay Packers @  Detroit Lions	1:00 PM	"Ford Field, Detroit"	5
10/7/18	 Jacksonville Jaguars 	 Kansas City Chiefs	 Jacksonville Jaguars @  Kansas City Chiefs	1:00 PM	"Arrowhead Stadium, Kansas City"	5
10/7/18	 Miami Dolphins 	 Cincinnati Bengals	 Miami Dolphins @  Cincinnati Bengals	1:00 PM	"Paul Brown Stadium, Cincinnati"	5
10/7/18	 New York Giants 	 Carolina Panthers	 New York Giants @  Carolina Panthers	1:00 PM	"Bank of America Stadium, Charlotte"	5
10/7/18	 Tennessee Titans 	 Buffalo Bills	 Tennessee Titans @  Buffalo Bills	1:00 PM	"New Era Field, Buffalo"	5
10/7/18	 Oakland Raiders 	 Los Angeles Chargers	 Oakland Raiders @  Los Angeles Chargers	4:05 PM	"StubHub Center, Carson"	5
10/7/18	 Arizona Cardinals 	 San Francisco 49ers	 Arizona Cardinals @  San Francisco 49ers	4:25 PM	"Levi's Stadium, Santa Clara"	5
10/7/18	 Los Angeles Rams 	 Seattle Seahawks	 Los Angeles Rams @  Seattle Seahawks	4:25 PM	"CenturyLink Field, Seattle"	5
10/7/18	 Minnesota Vikings 	 Philadelphia Eagles	 Minnesota Vikings @  Philadelphia Eagles	4:25 PM	"Lincoln Financial Field, Philadelphia"	5
10/7/18	 Dallas Cowboys 	 Houston Texans	 Dallas Cowboys @  Houston Texans	8:20 PM	"NRG Stadium, Houston"	5
10/8/18	 Washington Redskins 	 New Orleans Saints	 Washington Redskins @  New Orleans Saints	8:15 PM	"Mercedes-Benz Superdome, New Orleans"	5
10/11/18	 Philadelphia Eagles 	 New York Giants	 Philadelphia Eagles @  New York Giants	8:20 PM	"MetLife Stadium, East Rutherford"	6
10/14/18	 Arizona Cardinals 	 Minnesota Vikings	 Arizona Cardinals @  Minnesota Vikings	1:00 PM	"U.S. Bank Stadium, Minneapolis"	6
10/14/18	 Buffalo Bills 	 Houston Texans	 Buffalo Bills @  Houston Texans	1:00 PM	"NRG Stadium, Houston"	6
10/14/18	 Carolina Panthers 	 Washington Redskins	 Carolina Panthers @  Washington Redskins	1:00 PM	"FedEx Field, Landover"	6
10/14/18	 Chicago Bears 	 Miami Dolphins	 Chicago Bears @  Miami Dolphins	1:00 PM	"Hard Rock Stadium, Miami Gardens"	6
10/14/18	 Indianapolis Colts 	 New York Jets	 Indianapolis Colts @  New York Jets	1:00 PM	"MetLife Stadium, East Rutherford"	6
10/14/18	 Los Angeles Chargers 	 Cleveland Browns	 Los Angeles Chargers @  Cleveland Browns	1:00 PM	"FirstEnergy Stadium, Cleveland"	6
10/14/18	 Pittsburgh Steelers 	 Cincinnati Bengals	 Pittsburgh Steelers @  Cincinnati Bengals	1:00 PM	"Paul Brown Stadium, Cincinnati"	6
10/14/18	 Seattle Seahawks 	 Oakland Raiders ¹	 Seattle Seahawks @  Oakland Raiders ¹	1:00 PM	"Tottenham Stadium, London"	6
10/14/18	 Tampa Bay Buccaneers 	 Atlanta Falcons	 Tampa Bay Buccaneers @  Atlanta Falcons	1:00 PM	"Mercedes-Benz Stadium, Atlanta"	6
10/14/18	 Los Angeles Rams 	 Denver Broncos	 Los Angeles Rams @  Denver Broncos	4:05 PM	"Sports Authority Field at Mile High, Denver"	6
10/14/18	 Baltimore Ravens 	 Tennessee Titans	 Baltimore Ravens @  Tennessee Titans	4:25 PM	"Nissan Stadium, Nashville"	6
10/14/18	 Jacksonville Jaguars 	 Dallas Cowboys	 Jacksonville Jaguars @  Dallas Cowboys	4:25 PM	"AT&T Stadium, Arlington"	6
10/14/18	 Kansas City Chiefs 	 New England Patriots	 Kansas City Chiefs @  New England Patriots	8:20 PM	"Gillette Stadium, Foxboro"	6
10/15/18	 San Francisco 49ers 	 Green Bay Packers	 San Francisco 49ers @  Green Bay Packers	8:15 PM	"Lambeau Field, Green Bay"	6
10/18/18	 Denver Broncos 	 Arizona Cardinals	 Denver Broncos @  Arizona Cardinals	8:20 PM	"U of Phoenix Stadium, Glendale"	7
10/21/18	 Tennessee Titans 	 Los Angeles Chargers ¹	 Tennessee Titans @  Los Angeles Chargers ¹	9:30 AM	"Wembley Stadium, London"	7
10/21/18	 Buffalo Bills 	 Indianapolis Colts	 Buffalo Bills @  Indianapolis Colts	1:00 PM	"Lucas Oil Stadium, Indianapolis"	7
10/21/18	 Carolina Panthers 	 Philadelphia Eagles	 Carolina Panthers @  Philadelphia Eagles	1:00 PM	"Lincoln Financial Field, Philadelphia"	7
10/21/18	 Cincinnati Bengals 	 Kansas City Chiefs	 Cincinnati Bengals @  Kansas City Chiefs	1:00 PM	"Arrowhead Stadium, Kansas City"	7
10/21/18	 Cleveland Browns 	 Tampa Bay Buccaneers	 Cleveland Browns @  Tampa Bay Buccaneers	1:00 PM	"Raymond James Stadium, Tampa"	7
10/21/18	 Detroit Lions 	 Miami Dolphins	 Detroit Lions @  Miami Dolphins	1:00 PM	"Hard Rock Stadium, Miami Gardens"	7
10/21/18	 Houston Texans 	 Jacksonville Jaguars	 Houston Texans @  Jacksonville Jaguars	1:00 PM	"TIAA Bank Field, Jacksonville"	7
10/21/18	 Minnesota Vikings 	 New York Jets	 Minnesota Vikings @  New York Jets	1:00 PM	"MetLife Stadium, East Rutherford"	7
10/21/18	 New England Patriots 	 Chicago Bears	 New England Patriots @  Chicago Bears	1:00 PM	"Soldier Field, Chicago"	7
10/21/18	 New Orleans Saints 	 Baltimore Ravens	 New Orleans Saints @  Baltimore Ravens	4:05 PM	"M&T Bank Stadium, Baltimore"	7
10/21/18	 Dallas Cowboys 	 Washington Redskins	 Dallas Cowboys @  Washington Redskins	4:25 PM	"FedEx Field, Landover"	7
10/21/18	 Los Angeles Rams 	 San Francisco 49ers	 Los Angeles Rams @  San Francisco 49ers	8:20 PM	"Levi's Stadium, Santa Clara"	7
10/22/18	 New York Giants 	 Atlanta Falcons	 New York Giants @  Atlanta Falcons	8:15 PM	"Mercedes-Benz Stadium, Atlanta"	7
10/25/18	 Miami Dolphins 	 Houston Texans	 Miami Dolphins @  Houston Texans	8:20 PM	"NRG Stadium, Houston"	8
10/28/18	 Philadelphia Eagles 	 Jacksonville Jaguars	 Philadelphia Eagles @  Jacksonville Jaguars	9:30 AM	"Wembley Stadium, London"	8
10/28/18	 Baltimore Ravens 	 Carolina Panthers	 Baltimore Ravens @  Carolina Panthers	1:00 PM	"Bank of America Stadium, Charlotte"	8
10/28/18	 Cleveland Browns 	 Pittsburgh Steelers	 Cleveland Browns @  Pittsburgh Steelers	1:00 PM	"Heinz Field, Pittsburgh"	8
10/28/18	 Denver Broncos 	 Kansas City Chiefs	 Denver Broncos @  Kansas City Chiefs	1:00 PM	"Arrowhead Stadium, Kansas City"	8
10/28/18	 New York Jets 	 Chicago Bears	 New York Jets @  Chicago Bears	1:00 PM	"Soldier Field, Chicago"	8
10/28/18	 Seattle Seahawks 	 Detroit Lions	 Seattle Seahawks @  Detroit Lions	1:00 PM	"Ford Field, Detroit"	8
10/28/18	 Tampa Bay Buccaneers 	 Cincinnati Bengals	 Tampa Bay Buccaneers @  Cincinnati Bengals	1:00 PM	"Paul Brown Stadium, Cincinnati"	8
10/28/18	 Washington Redskins 	 New York Giants	 Washington Redskins @  New York Giants	1:00 PM	"MetLife Stadium, East Rutherford"	8
10/28/18	 Indianapolis Colts 	 Oakland Raiders	 Indianapolis Colts @  Oakland Raiders	4:05 PM	"Oakland Coliseum, Oakland"	8
10/28/18	 Green Bay Packers 	 Los Angeles Rams	 Green Bay Packers @  Los Angeles Rams	4:25 PM	"Los Angeles Memorial Coliseum, Los Angeles"	8
10/28/18	 San Francisco 49ers 	 Arizona Cardinals	 San Francisco 49ers @  Arizona Cardinals	4:25 PM	"U of Phoenix Stadium, Glendale"	8
10/28/18	 New Orleans Saints 	 Minnesota Vikings	 New Orleans Saints @  Minnesota Vikings	8:20 PM	"U.S. Bank Stadium, Minneapolis"	8
10/29/18	 New England Patriots 	 Buffalo Bills	 New England Patriots @  Buffalo Bills	8:15 PM	"New Era Field, Buffalo"	8
11/1/18	 Oakland Raiders 	 San Francisco 49ers	 Oakland Raiders @  San Francisco 49ers	8:20 PM	"Levi's Stadium, Santa Clara"	9
11/4/18	 Atlanta Falcons 	 Washington Redskins	 Atlanta Falcons @  Washington Redskins	1:00 PM	"FedEx Field, Landover"	9
11/4/18	 Chicago Bears 	 Buffalo Bills	 Chicago Bears @  Buffalo Bills	1:00 PM	"New Era Field, Buffalo"	9
11/4/18	 Detroit Lions 	 Minnesota Vikings	 Detroit Lions @  Minnesota Vikings	1:00 PM	"U.S. Bank Stadium, Minneapolis"	9
11/4/18	 Kansas City Chiefs 	 Cleveland Browns	 Kansas City Chiefs @  Cleveland Browns	1:00 PM	"FirstEnergy Stadium, Cleveland"	9
11/4/18	 New York Jets 	 Miami Dolphins	 New York Jets @  Miami Dolphins	1:00 PM	"Hard Rock Stadium, Miami Gardens"	9
11/4/18	 Pittsburgh Steelers 	 Baltimore Ravens	 Pittsburgh Steelers @  Baltimore Ravens	1:00 PM	"M&T Bank Stadium, Baltimore"	9
11/4/18	 Tampa Bay Buccaneers 	 Carolina Panthers	 Tampa Bay Buccaneers @  Carolina Panthers	1:00 PM	"Bank of America Stadium, Charlotte"	9
11/4/18	 Houston Texans 	 Denver Broncos	 Houston Texans @  Denver Broncos	4:05 PM	"Sports Authority Field at Mile High, Denver"	9
11/4/18	 Los Angeles Chargers 	 Seattle Seahawks	 Los Angeles Chargers @  Seattle Seahawks	4:05 PM	"CenturyLink Field, Seattle"	9
11/4/18	 Los Angeles Rams 	 New Orleans Saints	 Los Angeles Rams @  New Orleans Saints	4:25 PM	"Mercedes-Benz Superdome, New Orleans"	9
11/4/18	 Green Bay Packers 	 New England Patriots	 Green Bay Packers @  New England Patriots	8:20 PM	"Gillette Stadium, Foxboro"	9
11/5/18	 Tennessee Titans 	 Dallas Cowboys	 Tennessee Titans @  Dallas Cowboys	8:15 PM	"AT&T Stadium, Arlington"	9
11/8/18	 Carolina Panthers 	 Pittsburgh Steelers	 Carolina Panthers @  Pittsburgh Steelers	8:20 PM	"Heinz Field, Pittsburgh"	10
11/11/18	 Arizona Cardinals 	 Kansas City Chiefs	 Arizona Cardinals @  Kansas City Chiefs	1:00 PM	"Arrowhead Stadium, Kansas City"	10
11/11/18	 Atlanta Falcons 	 Cleveland Browns	 Atlanta Falcons @  Cleveland Browns	1:00 PM	"FirstEnergy Stadium, Cleveland"	10
11/11/18	 Buffalo Bills 	 New York Jets	 Buffalo Bills @  New York Jets	1:00 PM	"MetLife Stadium, East Rutherford"	10
11/11/18	 Detroit Lions 	 Chicago Bears	 Detroit Lions @  Chicago Bears	1:00 PM	"Soldier Field, Chicago"	10
11/11/18	 Jacksonville Jaguars 	 Indianapolis Colts	 Jacksonville Jaguars @  Indianapolis Colts	1:00 PM	"Lucas Oil Stadium, Indianapolis"	10
11/11/18	 Miami Dolphins 	 Green Bay Packers	 Miami Dolphins @  Green Bay Packers	1:00 PM	"Lambeau Field, Green Bay"	10
11/11/18	 New England Patriots 	 Tennessee Titans	 New England Patriots @  Tennessee Titans	1:00 PM	"Nissan Stadium, Nashville"	10
11/11/18	 New Orleans Saints 	 Cincinnati Bengals	 New Orleans Saints @  Cincinnati Bengals	1:00 PM	"Paul Brown Stadium, Cincinnati"	10
11/11/18	 Washington Redskins 	 Tampa Bay Buccaneers	 Washington Redskins @  Tampa Bay Buccaneers	1:00 PM	"Raymond James Stadium, Tampa"	10
11/11/18	 Los Angeles Chargers 	 Oakland Raiders	 Los Angeles Chargers @  Oakland Raiders	4:05 PM	"Oakland Coliseum, Oakland"	10
11/11/18	 Seattle Seahawks 	 Los Angeles Rams	 Seattle Seahawks @  Los Angeles Rams	4:25 PM	"Los Angeles Memorial Coliseum, Los Angeles"	10
11/11/18	 Dallas Cowboys 	 Philadelphia Eagles	 Dallas Cowboys @  Philadelphia Eagles	8:20 PM	"Lincoln Financial Field, Philadelphia"	10
11/12/18	 New York Giants 	 San Francisco 49ers	 New York Giants @  San Francisco 49ers	8:15 PM	"Levi's Stadium, Santa Clara"	10
11/15/18	 Green Bay Packers 	 Seattle Seahawks	 Green Bay Packers @  Seattle Seahawks	8:20 PM	"CenturyLink Field, Seattle"	11
11/18/18	 Carolina Panthers 	 Detroit Lions	 Carolina Panthers @  Detroit Lions	1:00 PM	"Ford Field, Detroit"	11
11/18/18	 Cincinnati Bengals 	 Baltimore Ravens	 Cincinnati Bengals @  Baltimore Ravens	1:00 PM	"M&T Bank Stadium, Baltimore"	11
11/18/18	 Dallas Cowboys 	 Atlanta Falcons	 Dallas Cowboys @  Atlanta Falcons	1:00 PM	"Mercedes-Benz Stadium, Atlanta"	11
11/18/18	 Houston Texans 	 Washington Redskins	 Houston Texans @  Washington Redskins	1:00 PM	"FedEx Field, Landover"	11
11/18/18	 Minnesota Vikings 	 Chicago Bears	 Minnesota Vikings @  Chicago Bears	1:00 PM	"Soldier Field, Chicago"	11
11/18/18	 Philadelphia Eagles 	 New Orleans Saints	 Philadelphia Eagles @  New Orleans Saints	1:00 PM	"Mercedes-Benz Superdome, New Orleans"	11
11/18/18	 Tampa Bay Buccaneers 	 New York Giants	 Tampa Bay Buccaneers @  New York Giants	1:00 PM	"MetLife Stadium, East Rutherford"	11
11/18/18	 Tennessee Titans 	 Indianapolis Colts	 Tennessee Titans @  Indianapolis Colts	1:00 PM	"Lucas Oil Stadium, Indianapolis"	11
11/18/18	 Denver Broncos 	 Los Angeles Chargers	 Denver Broncos @  Los Angeles Chargers	4:05 PM	"StubHub Center, Carson"	11
11/18/18	 Oakland Raiders 	 Arizona Cardinals	 Oakland Raiders @  Arizona Cardinals	4:05 PM	"U of Phoenix Stadium, Glendale"	11
11/18/18	 Pittsburgh Steelers 	 Jacksonville Jaguars	 Pittsburgh Steelers @  Jacksonville Jaguars	8:20 PM	"TIAA Bank Field, Jacksonville"	11
11/19/18	 Kansas City Chiefs 	 Los Angeles Rams	 Kansas City Chiefs @  Los Angeles Rams	8:15 PM	"Estadio Azteca, Mexico City"	11
11/22/18	 Chicago Bears 	 Detroit Lions	 Chicago Bears @  Detroit Lions	12:30 PM	"Ford Field, Detroit"	12
11/22/18	 Washington Redskins 	 Dallas Cowboys	 Washington Redskins @  Dallas Cowboys	4:30 PM	"AT&T Stadium, Arlington"	12
11/22/18	 Atlanta Falcons 	 New Orleans Saints	 Atlanta Falcons @  New Orleans Saints	8:20 PM	"Mercedes-Benz Superdome, New Orleans"	12
11/25/18	 Cleveland Browns 	 Cincinnati Bengals	 Cleveland Browns @  Cincinnati Bengals	1:00 PM	"Paul Brown Stadium, Cincinnati"	12
11/25/18	 Jacksonville Jaguars 	 Buffalo Bills	 Jacksonville Jaguars @  Buffalo Bills	1:00 PM	"New Era Field, Buffalo"	12
11/25/18	 Miami Dolphins 	 Indianapolis Colts	 Miami Dolphins @  Indianapolis Colts	1:00 PM	"Lucas Oil Stadium, Indianapolis"	12
11/25/18	 New England Patriots 	 New York Jets	 New England Patriots @  New York Jets	1:00 PM	"MetLife Stadium, East Rutherford"	12
11/25/18	 New York Giants 	 Philadelphia Eagles	 New York Giants @  Philadelphia Eagles	1:00 PM	"Lincoln Financial Field, Philadelphia"	12
11/25/18	 Oakland Raiders 	 Baltimore Ravens	 Oakland Raiders @  Baltimore Ravens	1:00 PM	"M&T Bank Stadium, Baltimore"	12
11/25/18	 San Francisco 49ers 	 Tampa Bay Buccaneers	 San Francisco 49ers @  Tampa Bay Buccaneers	1:00 PM	"Raymond James Stadium, Tampa"	12
11/25/18	 Seattle Seahawks 	 Carolina Panthers	 Seattle Seahawks @  Carolina Panthers	1:00 PM	"Bank of America Stadium, Charlotte"	12
11/25/18	 Arizona Cardinals 	 Los Angeles Chargers	 Arizona Cardinals @  Los Angeles Chargers	4:05 PM	"StubHub Center, Carson"	12
11/25/18	 Pittsburgh Steelers 	 Denver Broncos	 Pittsburgh Steelers @  Denver Broncos	4:25 PM	"Sports Authority Field at Mile High, Denver"	12
11/25/18	 Green Bay Packers 	 Minnesota Vikings	 Green Bay Packers @  Minnesota Vikings	8:20 PM	"U.S. Bank Stadium, Minneapolis"	12
11/26/18	 Tennessee Titans 	 Houston Texans	 Tennessee Titans @  Houston Texans	8:15 PM	"NRG Stadium, Houston"	12
11/29/18	 New Orleans Saints 	 Dallas Cowboys	 New Orleans Saints @  Dallas Cowboys	8:20 PM	"AT&T Stadium, Arlington"	13
12/2/18	 Arizona Cardinals 	 Green Bay Packers	 Arizona Cardinals @  Green Bay Packers	1:00 PM	"Lambeau Field, Green Bay"	13
12/2/18	 Baltimore Ravens 	 Atlanta Falcons	 Baltimore Ravens @  Atlanta Falcons	1:00 PM	"Mercedes-Benz Stadium, Atlanta"	13
12/2/18	 Buffalo Bills 	 Miami Dolphins	 Buffalo Bills @  Miami Dolphins	1:00 PM	"Hard Rock Stadium, Miami Gardens"	13
12/2/18	 Carolina Panthers 	 Tampa Bay Buccaneers	 Carolina Panthers @  Tampa Bay Buccaneers	1:00 PM	"Raymond James Stadium, Tampa"	13
12/2/18	 Chicago Bears 	 New York Giants	 Chicago Bears @  New York Giants	1:00 PM	"MetLife Stadium, East Rutherford"	13
12/2/18	 Cleveland Browns 	 Houston Texans	 Cleveland Browns @  Houston Texans	1:00 PM	"NRG Stadium, Houston"	13
12/2/18	 Denver Broncos 	 Cincinnati Bengals	 Denver Broncos @  Cincinnati Bengals	1:00 PM	"Paul Brown Stadium, Cincinnati"	13
12/2/18	 Indianapolis Colts 	 Jacksonville Jaguars	 Indianapolis Colts @  Jacksonville Jaguars	1:00 PM	"TIAA Bank Field, Jacksonville"	13
12/2/18	 Los Angeles Chargers 	 Pittsburgh Steelers	 Los Angeles Chargers @  Pittsburgh Steelers	1:00 PM	"Heinz Field, Pittsburgh"	13
12/2/18	 Los Angeles Rams 	 Detroit Lions	 Los Angeles Rams @  Detroit Lions	1:00 PM	"Ford Field, Detroit"	13
12/2/18	 Kansas City Chiefs 	 Oakland Raiders	 Kansas City Chiefs @  Oakland Raiders	4:05 PM	"Oakland Coliseum, Oakland"	13
12/2/18	 New York Jets 	 Tennessee Titans	 New York Jets @  Tennessee Titans	4:05 PM	"Nissan Stadium, Nashville"	13
12/2/18	 Minnesota Vikings 	 New England Patriots	 Minnesota Vikings @  New England Patriots	4:25 PM	"Gillette Stadium, Foxboro"	13
12/2/18	 San Francisco 49ers 	 Seattle Seahawks	 San Francisco 49ers @  Seattle Seahawks	8:20 PM	"CenturyLink Field, Seattle"	13
12/3/18	 Washington Redskins 	 Philadelphia Eagles	 Washington Redskins @  Philadelphia Eagles	8:15 PM	"Lincoln Financial Field, Philadelphia"	13
12/6/18	 Jacksonville Jaguars 	 Tennessee Titans	 Jacksonville Jaguars @  Tennessee Titans	8:20 PM	"Nissan Stadium, Nashville"	14
12/9/18	 Atlanta Falcons 	 Green Bay Packers	 Atlanta Falcons @  Green Bay Packers	1:00 PM	"Lambeau Field, Green Bay"	14
12/9/18	 Baltimore Ravens 	 Kansas City Chiefs	 Baltimore Ravens @  Kansas City Chiefs	1:00 PM	"Arrowhead Stadium, Kansas City"	14
12/9/18	 Carolina Panthers 	 Cleveland Browns	 Carolina Panthers @  Cleveland Browns	1:00 PM	"FirstEnergy Stadium, Cleveland"	14
12/9/18	 Indianapolis Colts 	 Houston Texans	 Indianapolis Colts @  Houston Texans	1:00 PM	"NRG Stadium, Houston"	14
12/9/18	 Los Angeles Rams 	 Chicago Bears	 Los Angeles Rams @  Chicago Bears	1:00 PM	"Soldier Field, Chicago"	14
12/9/18	 New England Patriots 	 Miami Dolphins	 New England Patriots @  Miami Dolphins	1:00 PM	"Hard Rock Stadium, Miami Gardens"	14
12/9/18	 New Orleans Saints 	 Tampa Bay Buccaneers	 New Orleans Saints @  Tampa Bay Buccaneers	1:00 PM	"Raymond James Stadium, Tampa"	14
12/9/18	 New York Giants 	 Washington Redskins	 New York Giants @  Washington Redskins	1:00 PM	"FedEx Field, Landover"	14
12/9/18	 New York Jets 	 Buffalo Bills	 New York Jets @  Buffalo Bills	1:00 PM	"New Era Field, Buffalo"	14
12/9/18	 Cincinnati Bengals 	 Los Angeles Chargers	 Cincinnati Bengals @  Los Angeles Chargers	4:05 PM	"StubHub Center, Carson"	14
12/9/18	 Denver Broncos 	 San Francisco 49ers	 Denver Broncos @  San Francisco 49ers	4:05 PM	"Levi's Stadium, Santa Clara"	14
12/9/18	 Detroit Lions 	 Arizona Cardinals	 Detroit Lions @  Arizona Cardinals	4:25 PM	"U of Phoenix Stadium, Glendale"	14
12/9/18	 Philadelphia Eagles 	 Dallas Cowboys	 Philadelphia Eagles @  Dallas Cowboys	4:25 PM	"AT&T Stadium, Arlington"	14
12/9/18	 Pittsburgh Steelers 	 Oakland Raiders	 Pittsburgh Steelers @  Oakland Raiders	8:20 PM	"Oakland Coliseum, Oakland"	14
12/10/18	 Minnesota Vikings 	 Seattle Seahawks	 Minnesota Vikings @  Seattle Seahawks	8:15 PM	"CenturyLink Field, Seattle"	14
12/13/18	 Los Angeles Chargers 	 Kansas City Chiefs	 Los Angeles Chargers @  Kansas City Chiefs	8:20 PM	"Arrowhead Stadium, Kansas City"	15
"Saturday, December 15, 2018"	 Cleveland Browns 	 Denver Broncos	 Cleveland Browns @  Denver Broncos	4:30 PM	"Sports Authority Field at Mile High, Denver"	15
"Saturday, December 15, 2018"	 Houston Texans 	 New York Jets	 Houston Texans @  New York Jets	4:30 PM	"MetLife Stadium, East Rutherford"	15
12/16/18	 Arizona Cardinals 	 Atlanta Falcons	 Arizona Cardinals @  Atlanta Falcons	1:00 PM	"Mercedes-Benz Stadium, Atlanta"	15
12/16/18	 Dallas Cowboys 	 Indianapolis Colts	 Dallas Cowboys @  Indianapolis Colts	1:00 PM	"Lucas Oil Stadium, Indianapolis"	15
12/16/18	 Detroit Lions 	 Buffalo Bills	 Detroit Lions @  Buffalo Bills	1:00 PM	"New Era Field, Buffalo"	15
12/16/18	 Green Bay Packers 	 Chicago Bears	 Green Bay Packers @  Chicago Bears	1:00 PM	"Soldier Field, Chicago"	15
12/16/18	 Miami Dolphins 	 Minnesota Vikings	 Miami Dolphins @  Minnesota Vikings	1:00 PM	"U.S. Bank Stadium, Minneapolis"	15
12/16/18	 Oakland Raiders 	 Cincinnati Bengals	 Oakland Raiders @  Cincinnati Bengals	1:00 PM	"Paul Brown Stadium, Cincinnati"	15
12/16/18	 Tampa Bay Buccaneers 	 Baltimore Ravens	 Tampa Bay Buccaneers @  Baltimore Ravens	1:00 PM	"M&T Bank Stadium, Baltimore"	15
12/16/18	 Tennessee Titans 	 New York Giants	 Tennessee Titans @  New York Giants	1:00 PM	"MetLife Stadium, East Rutherford"	15
12/16/18	 Washington Redskins 	 Jacksonville Jaguars	 Washington Redskins @  Jacksonville Jaguars	1:00 PM	"TIAA Bank Field, Jacksonville"	15
12/16/18	 Seattle Seahawks 	 San Francisco 49ers	 Seattle Seahawks @  San Francisco 49ers	4:05 PM	"Levi's Stadium, Santa Clara"	15
12/16/18	 New England Patriots 	 Pittsburgh Steelers	 New England Patriots @  Pittsburgh Steelers	4:25 PM	"Heinz Field, Pittsburgh"	15
12/16/18	 Philadelphia Eagles 	 Los Angeles Rams	 Philadelphia Eagles @  Los Angeles Rams	8:20 PM	"Los Angeles Memorial Coliseum, Los Angeles"	15
12/17/18	 New Orleans Saints 	 Carolina Panthers	 New Orleans Saints @  Carolina Panthers	8:15 PM	"Bank of America Stadium, Charlotte"	15
12/23/18	 Atlanta Falcons 	 Carolina Panthers	 Atlanta Falcons @  Carolina Panthers	1:00 PM	"Bank of America Stadium, Charlotte"	16
12/23/18	 Buffalo Bills 	 New England Patriots	 Buffalo Bills @  New England Patriots	1:00 PM	"Gillette Stadium, Foxboro"	16
12/23/18	 Cincinnati Bengals 	 Cleveland Browns	 Cincinnati Bengals @  Cleveland Browns	1:00 PM	"FirstEnergy Stadium, Cleveland"	16
12/23/18	 Green Bay Packers 	 New York Jets	 Green Bay Packers @  New York Jets	1:00 PM	"MetLife Stadium, East Rutherford"	16
12/23/18	 Houston Texans 	 Philadelphia Eagles	 Houston Texans @  Philadelphia Eagles	1:00 PM	"Lincoln Financial Field, Philadelphia"	16
12/23/18	 Jacksonville Jaguars 	 Miami Dolphins	 Jacksonville Jaguars @  Miami Dolphins	1:00 PM	"Hard Rock Stadium, Miami Gardens"	16
12/23/18	 Minnesota Vikings 	 Detroit Lions	 Minnesota Vikings @  Detroit Lions	1:00 PM	"Ford Field, Detroit"	16
12/23/18	 New York Giants 	 Indianapolis Colts	 New York Giants @  Indianapolis Colts	1:00 PM	"Lucas Oil Stadium, Indianapolis"	16
12/23/18	 Tampa Bay Buccaneers 	 Dallas Cowboys	 Tampa Bay Buccaneers @  Dallas Cowboys	1:00 PM	"AT&T Stadium, Arlington"	16
12/23/18	 Washington Redskins 	 Tennessee Titans	 Washington Redskins @  Tennessee Titans	1:00 PM	"Nissan Stadium, Nashville"	16
12/23/18	 Baltimore Ravens 	 Los Angeles Chargers	 Baltimore Ravens @  Los Angeles Chargers	4:05 PM	"StubHub Center, Carson"	16
12/23/18	 Chicago Bears 	 San Francisco 49ers	 Chicago Bears @  San Francisco 49ers	4:05 PM	"Levi's Stadium, Santa Clara"	16
12/23/18	 Los Angeles Rams 	 Arizona Cardinals	 Los Angeles Rams @  Arizona Cardinals	4:05 PM	"U of Phoenix Stadium, Glendale"	16
12/23/18	 Pittsburgh Steelers 	 New Orleans Saints	 Pittsburgh Steelers @  New Orleans Saints	4:25 PM	"Mercedes-Benz Superdome, New Orleans"	16
12/23/18	 Kansas City Chiefs 	 Seattle Seahawks	 Kansas City Chiefs @  Seattle Seahawks	8:20 PM	"CenturyLink Field, Seattle"	16
12/24/18	 Denver Broncos 	 Oakland Raiders	 Denver Broncos @  Oakland Raiders	8:15 PM	"Oakland Coliseum, Oakland"	16
12/30/18	 Atlanta Falcons 	 Tampa Bay Buccaneers	 Atlanta Falcons @  Tampa Bay Buccaneers	1:00 PM	"Raymond James Stadium, Tampa"	17
12/30/18	 Carolina Panthers 	 New Orleans Saints	 Carolina Panthers @  New Orleans Saints	1:00 PM	"Mercedes-Benz Superdome, New Orleans"	17
12/30/18	 Chicago Bears 	 Minnesota Vikings	 Chicago Bears @  Minnesota Vikings	1:00 PM	"U.S. Bank Stadium, Minneapolis"	17
12/30/18	 Cincinnati Bengals 	 Pittsburgh Steelers	 Cincinnati Bengals @  Pittsburgh Steelers	1:00 PM	"Heinz Field, Pittsburgh"	17
12/30/18	 Cleveland Browns 	 Baltimore Ravens	 Cleveland Browns @  Baltimore Ravens	1:00 PM	"M&T Bank Stadium, Baltimore"	17
12/30/18	 Dallas Cowboys 	 New York Giants	 Dallas Cowboys @  New York Giants	1:00 PM	"MetLife Stadium, East Rutherford"	17
12/30/18	 Detroit Lions 	 Green Bay Packers	 Detroit Lions @  Green Bay Packers	1:00 PM	"Lambeau Field, Green Bay"	17
12/30/18	 Indianapolis Colts 	 Tennessee Titans	 Indianapolis Colts @  Tennessee Titans	1:00 PM	"Nissan Stadium, Nashville"	17
12/30/18	 Jacksonville Jaguars 	 Houston Texans	 Jacksonville Jaguars @  Houston Texans	1:00 PM	"NRG Stadium, Houston"	17
12/30/18	 Miami Dolphins 	 Buffalo Bills	 Miami Dolphins @  Buffalo Bills	1:00 PM	"New Era Field, Buffalo"	17
12/30/18	 New York Jets 	 New England Patriots	 New York Jets @  New England Patriots	1:00 PM	"Gillette Stadium, Foxboro"	17
12/30/18	 Oakland Raiders 	 Kansas City Chiefs	 Oakland Raiders @  Kansas City Chiefs	1:00 PM	"Arrowhead Stadium, Kansas City"	17
12/30/18	 Philadelphia Eagles 	 Washington Redskins	 Philadelphia Eagles @  Washington Redskins	1:00 PM	"FedEx Field, Landover"	17
12/30/18	 Arizona Cardinals 	 Seattle Seahawks	 Arizona Cardinals @  Seattle Seahawks	4:25 PM	"CenturyLink Field, Seattle"	17
12/30/18	 Los Angeles Chargers 	 Denver Broncos	 Los Angeles Chargers @  Denver Broncos	4:25 PM	"Sports Authority Field at Mile High, Denver"	17
12/30/18	 San Francisco 49ers 	 Los Angeles Rams	 San Francisco 49ers @  Los Angeles Rams	4:25 PM	"Los Angeles Memorial Coliseum, Los Angeles"	17
